,inflation_yoy,inflation_impulse,unemployment_rate,credit_spread_level,credit_spread_3m_change,real_fed_funds,vix_1m_change,vix_term_structure,equity_momentum_3m,equity_vol_3m,equity_drawdown_from_high
equity,0.2041071316994434,0.26458958437933466,-0.38997670050575733,-0.126493830930087,0.1981457496131258,-0.3375934588245875,-0.16599695024820477,0.14569492098983294,-0.15916509534476964,-0.2943398061855355,0.24226582941615224
