,inflation_yoy,inflation_impulse,unemployment_rate,credit_spread_level,credit_spread_3m_change,real_fed_funds,yield_curve_slope,vix_1m_change,vix_term_structure,equity_momentum_3m,equity_vol_3m,equity_drawdown_from_high
equity,0.16117270221054142,0.37229724080891713,-0.07757612240053627,-0.1218932580372263,-0.10444762718532904,-0.14311324977461146,-0.16369868190490355,0.21477884164646133,0.1177121969853049,0.12890397647482263,-0.2790004281813288,0.016757664578034046
