label,cagr,volatility,sharpe,sortino,calmar,max_drawdown,max_dd_duration,var_95,cvar_95,hit_rate,total_return,best_month,worst_month,avg_up_month,avg_down_month,up_down_ratio,win_streak,lose_streak,n_months
Model Portfolio,0.09670006434690048,0.11658151780084255,0.8294630758890464,1.2077417785958486,0.35593126812347264,-0.27168184705074916,30,,,0.6565656565656566,8.821430698504535,0.08532799695359693,-0.10163229869862339,0.027225803600002936,-0.028197618992262523,0.9655355513340947,15,5,297
95/5,0.08769260936848511,0.1411687296096511,0.6211900440768006,0.8485898989151357,0.17961885752111367,-0.4882149378896762,52,,,0.6565656565656566,7.008070646298737,0.12066130767211174,-0.15685153089495898,0.030534675578780177,-0.03583263174997758,0.852147165517623,15,5,297
60/40 Reference,0.06400157469237722,0.08913518976138271,0.7180281420133973,0.9825978019721577,0.19309427643863242,-0.33145246908816406,41,,,0.6632996632996633,3.643240725124314,0.0764067030911583,-0.09850842302137765,0.019633591392573837,-0.022527782071078004,0.8715279351792099,15,5,297
Equity Only,0.09086960502780261,0.14860545115891222,0.6114823131934144,0.8355003072373713,0.17893070915533674,-0.5078480125449856,52,,,0.6531986531986532,7.607515597820754,0.12698339404081938,-0.1651862605911849,0.032228818888743724,-0.03779770251951782,0.8526660812810393,15,5,297
T-Bills Only,0.017978106948806527,0.0053342240354589,3.370332185018525,3.370332185018525,0.0,0.0,0,,,0.9966329966329966,0.5542695551780092,0.004441666666666677,4.166666666671759e-05,0.001492173423423432,0.0,inf,296,1,297
