label,cagr,volatility,sharpe,max_drawdown,hit_rate,total_return,n_months
Model Portfolio,0.1094993759294065,0.0926781935085699,1.1815009743287794,-0.12315259469499218,0.703125,4.272699205186468,192
Baseline 70/30,0.10406280528031142,0.10042569226820076,1.0362169573339584,-0.16929100369119976,0.6979166666666666,3.8741676979213793,192
Static 60/40,0.09140441283525114,0.08612106423449785,1.0613479251297606,-0.14527110667957688,0.6979166666666666,3.0529503794856554,192
Equity Only,0.14145592818734043,0.14336645691462477,0.9866738094223667,-0.23927166789642795,0.6875,7.3051287108124825,192
Safe Rate Only,0.013847649362110914,0.005201910551139217,2.6620314259495066,0.0,1.0,0.24612949963196407,192
