label,cagr,volatility,sharpe,max_drawdown,hit_rate,total_return,n_months
Model Portfolio,0.10333414190030932,0.09044791552855612,1.1424712365834984,-0.16257829122962775,0.6892857142857143,8.91968780717746,280
75/25,0.09290236543223762,0.10883999824186898,0.8535682371639326,-0.4029628071592871,0.6821428571428572,6.9475244329480095,280
60/40 Reference,0.07848566520513756,0.08708138739114812,0.9012909366337871,-0.3314525782200711,0.6857142857142857,4.830003250671113,280
Equity Only,0.11612753570424283,0.14512691272221426,0.8001791916191396,-0.5078481492657868,0.675,11.981429772068607,280
Safe Rate Only,0.017663543957245897,0.00542867214103023,3.2537503644295946,0.0,1.0,0.5046369705896632,280
