label,cagr,volatility,sharpe,sortino,calmar,max_drawdown,max_dd_duration,var_95,cvar_95,hit_rate,total_return,best_month,worst_month,avg_up_month,avg_down_month,up_down_ratio,win_streak,lose_streak,n_months
Model Portfolio,0.08670152679203924,0.11206583348144995,0.7736660148642965,1.139685671485349,0.23171065294151555,-0.37418014964518254,72,,,0.6472491909385113,7.508238175092799,0.08708763628726478,-0.10052733915033865,0.026082436962282154,-0.026915449010047623,0.9690507839027874,15,5,309
90/10,0.0770413543787678,0.1355124226788245,0.5685187590613896,0.7828275600204486,0.16464363119989797,-0.46792793512449904,73,,,0.6440129449838188,5.760576896384322,0.11433923602352143,-0.14851718227546556,0.02940506965275686,-0.03392195820388451,0.8668446991185077,15,5,309
60/40 Reference,0.05978850516111711,0.09026693166943742,0.6623522485517286,0.9129688910520467,0.18038324871461525,-0.33145264644672545,63,,,0.6504854368932039,3.4606127441597128,0.07640671290456984,-0.0985086770725326,0.01992510341487661,-0.02244171295686456,0.8878601848787055,15,5,309
Equity Only,0.0823451444126233,0.15060242929853127,0.5467716875230137,0.7532594401136438,0.1621451766509268,-0.5078482512612726,74,,,0.6407766990291263,6.672177802146044,0.1269834103965053,-0.16518668400977654,0.032663213772345386,-0.03788736946201234,0.8621135284964837,15,5,309
T-Bills Only,0.01968572415020242,0.005770289012007139,3.411566406680717,3.411566406680717,0.0,0.0,0,,,0.9967637540453075,0.6519931121858229,0.00545,4.1666666666666665e-05,0.001632521645021645,0.0,inf,308,1,309
