label,cagr,volatility,sharpe,sortino,calmar,max_drawdown,max_dd_duration,var_95,cvar_95,hit_rate,total_return,best_month,worst_month,avg_up_month,avg_down_month,up_down_ratio,win_streak,lose_streak,n_months
Model Portfolio,0.09664590939343487,0.1167451937051389,0.8278363016599346,1.207235440050708,0.3537900207804959,-0.2731730792751712,30,,,0.6565656565656566,8.809434445014878,0.0853285796245626,-0.10163324513679832,0.02726005671992571,-0.028271290474327335,0.9642310719661026,15,5,297
95/5,0.08769261804452966,0.14116880694194764,0.6211897652474402,0.8485878467448235,0.17961877559856576,-0.4882152088627748,52,,,0.6565656565656566,7.008072227250935,0.12066130767211174,-0.15685183277196432,0.030534676503754243,-0.035832628688980704,0.8521472641259028,15,5,297
60/40 Reference,0.06400158310009396,0.08913523871142988,0.7180278420221137,0.9825954760179183,0.19309417199994064,-0.3314526919026517,41,,,0.6632996632996633,3.643241633221315,0.0764067030911583,-0.09850861368053891,0.019633592782537276,-0.02252778171396244,0.8715280106948399,15,5,297
Equity Only,0.09086961341646593,0.14860553254398096,0.6114820347591862,0.8354982820374648,0.17893062894736428,-0.5078482870766463,52,,,0.6531986531986532,7.607517236043645,0.12698339404081938,-0.16518657835645367,0.03222881986741949,-0.03779769929741586,0.8526661798598651,15,5,297
T-Bills Only,0.017978106948806527,0.0053342240354589,3.370332185018525,3.370332185018525,0.0,0.0,0,,,0.9966329966329966,0.5542695551780092,0.004441666666666677,4.166666666671759e-05,0.001492173423423432,0.0,inf,296,1,297
