label,cagr,volatility,sharpe,sortino,calmar,max_drawdown,max_dd_duration,var_95,cvar_95,hit_rate,total_return,best_month,worst_month,avg_up_month,avg_down_month,up_down_ratio,win_streak,lose_streak,n_months
Model Portfolio,0.10759675590754214,0.10773364278987808,0.9987293952122,1.5613139386988861,0.4872470349280222,-0.22082588131795755,20,,,0.6692913385826772,7.697854169331057,0.08548650362157248,-0.08528923919974724,0.02617667514405573,-0.025974460684966602,1.0077851263801663,15,5,254
90/10,0.09801894010662826,0.1330082647622651,0.7369387179197046,0.9917897336378992,0.20947450829783174,-0.4679277727066652,52,,,0.6692913385826772,6.23726985152591,0.11433964910918111,-0.14851707370700995,0.029254711925388806,-0.033720485528955325,0.8675649673035751,15,5,254
60/40 Reference,0.07289567160257104,0.08868193718322068,0.8219900683040501,1.1084256458027215,0.2199279469200749,-0.3314525171694638,41,,,0.6771653543307087,3.434046804038526,0.07640698829500962,-0.09850860469356218,0.019781133122393723,-0.022538703296280736,0.8776517824633656,15,5,254
Equity Only,0.10601952396642789,0.14779180267400138,0.71735726913275,0.9659697180586807,0.2087622811602022,-0.5078480814504489,52,,,0.6653543307086615,7.439417272434373,0.1269838693805716,-0.16518656337815918,0.03252723664682948,-0.03763062649134259,0.8643820121972401,15,5,254
T-Bills Only,0.018140541438023572,0.005683627882532789,3.1917187073020727,3.1917187073020727,0.0,0.0,0,,,0.9960629921259843,0.4630650624089294,0.004441666666666667,4.1666666666666665e-05,0.0015065546772068512,0.0,inf,253,1,254
