label,cagr,volatility,sharpe,sortino,calmar,max_drawdown,max_dd_duration,var_95,cvar_95,hit_rate,total_return,best_month,worst_month,avg_up_month,avg_down_month,up_down_ratio,win_streak,lose_streak,n_months
Model Portfolio,0.09670008027522958,0.11658154296309194,0.8294630334910171,1.2077394291713837,0.3559307413908726,-0.2716822938568164,30,,,0.6565656565656566,8.82143422897339,0.08532896488957939,-0.10163235480715134,0.027225796375844078,-0.028197600704777302,0.9655359213321799,15,5,297
95/5,0.08769263814413764,0.14116882460847402,0.6211898298887846,0.8485872362595024,0.17961881822452613,-0.488215204904202,52,,,0.6565656565656566,7.008075889810398,0.12066118531044677,-0.15685239307253485,0.030534677477164904,-0.03583262523116608,0.8521473735227977,15,5,297
60/40 Reference,0.06400159643755532,0.08913524991932927,0.7180279013687532,0.9825945790840374,0.19309422476100846,-0.33145267040881055,41,,,0.6632996632996633,3.643243073768393,0.07640662581010674,-0.09850896755458345,0.019633592399812886,-0.022527777513436317,0.8715281562108271,15,5,297
Equity Only,0.09086963438813211,0.14860555113275026,0.6114820993931627,0.8354976833492681,0.1789306704345485,-0.507848286531579,52,,,0.6531986531986532,7.607521331603669,0.12698326523906678,-0.1651871681465279,0.03222882089734395,-0.037797695657611,0.8526662892174037,15,5,297
T-Bills Only,0.017978106948806527,0.0053342240354589,3.370332185018525,3.370332185018525,0.0,0.0,0,,,0.9966329966329966,0.5542695551780092,0.004441666666666677,4.166666666671759e-05,0.001492173423423432,0.0,inf,296,1,297
