label,cagr,volatility,sharpe,sortino,calmar,max_drawdown,max_dd_duration,var_95,cvar_95,hit_rate,total_return,best_month,worst_month,avg_up_month,avg_down_month,up_down_ratio,win_streak,lose_streak,n_months
Model Portfolio,0.10759674564367261,0.10773354853060915,0.9987301737592197,1.5613156957187895,0.48724688774918923,-0.2208259269560653,20,,,0.6692913385826772,7.69785246327222,0.08548680428697338,-0.08528911983305285,0.02617666303936646,-0.025974440853777155,1.007785429789527,15,5,254
90/10,0.09801893000801098,0.13300817507780344,0.7369391388963467,0.9917897938447092,0.20947447150656903,-0.46792780668233913,52,,,0.6692913385826772,6.237268442628781,0.11433946786670628,-0.14851681467917835,0.029254700751490986,-0.03372046795982708,0.8675650879561816,15,5,254
60/40 Reference,0.0728956622934529,0.08868187747311579,0.8219905167834485,1.108425366501098,0.21992789724709338,-0.3314525497033838,41,,,0.6771653543307087,3.434045989702301,0.07640686746669308,-0.09850843200834111,0.019781123693425617,-0.022538686906578786,0.8776520023290146,15,5,254
Equity Only,0.10601951421563305,0.1477917030035438,0.7173576869405914,0.9659697862932403,0.20876224835756518,-0.5078481145405382,52,,,0.6653543307086615,7.439415697573796,0.12698366800004401,-0.16518627556945742,0.0325272241579233,-0.03763060697008899,0.8643821287224477,15,5,254
T-Bills Only,0.018140541438023572,0.005683627882532789,3.1917187073020727,3.1917187073020727,0.0,0.0,0,,,0.9960629921259843,0.4630650624089294,0.004441666666666667,4.1666666666666665e-05,0.0015065546772068512,0.0,inf,253,1,254
