label,cagr,volatility,sharpe,sortino,calmar,max_drawdown,max_dd_duration,var_95,cvar_95,hit_rate,total_return,best_month,worst_month,avg_up_month,avg_down_month,up_down_ratio,win_streak,lose_streak,n_months
Model Portfolio,0.12257108534657535,0.11513163453201639,1.064616913021331,1.7109365036280026,0.47865610852413515,-0.25607337536024566,21,-0.05257520034070537,-0.06483530864495933,0.6785714285714286,13.847609577551633,0.0901307650297541,-0.08535184813671536,0.028268998763654813,-0.027848389602604016,1.0151035362206893,15,5,280
95/5,0.1115664284289124,0.13786807653135066,0.8092259733785626,1.096659252781091,0.22851901861134746,-0.4882150689551946,52,-0.06558669354921931,-0.08855635548288432,0.6785714285714286,10.798492122870435,0.12066148344564867,-0.15685209119576407,0.03065223588422081,-0.034690893360602285,0.8835816237304488,15,5,280
60/40 Reference,0.07848566441571747,0.0870813694747875,0.9012911130025495,1.2234149035037296,0.23679305412441226,-0.3314525618411117,41,-0.040843951163481475,-0.055579452585681324,0.6857142857142857,4.830003151098623,0.07640681410602372,-0.09850877689557029,0.019698362041927663,-0.02187461128930171,0.9005125522647165,15,5,280
Equity Only,0.11612753570424283,0.14512688297818602,0.8001793556173733,1.0846377441322312,0.22866586423797067,-0.5078481481756711,52,-0.06912009408689754,-0.0932673416110562,0.675,11.981429772068651,0.1269835790655951,-0.16518685038150605,0.032358104899296136,-0.03659196377139422,0.8842953906888184,15,5,280
T-Bills Only,0.017663543957245897,0.00542867214103023,3.2537503644295946,3.2537503644295946,0.0,0.0,0,6.666666666666667e-05,6.185897435897437e-05,1.0,0.5046369705896632,0.004441666666666667,4.1666666666666665e-05,0.0014613988095238096,0.0,inf,280,0,280
