label,cagr,volatility,sharpe,sortino,calmar,max_drawdown,max_dd_duration,var_95,cvar_95,hit_rate,total_return,best_month,worst_month,avg_up_month,avg_down_month,up_down_ratio,win_streak,lose_streak,n_months
Model Portfolio,0.10131027580718688,0.11691097397234143,0.8665591634807068,1.2785452093196314,0.3683284146705104,-0.27505419558198996,22,,,0.6599326599326599,9.895944015716884,0.09223266803057471,-0.10162644543989459,0.02743594975189125,-0.0281099204508678,0.9760237422174652,15,5,297
95/5,0.0876926140474541,0.14116880120052236,0.6211897621974678,0.8485880927031201,0.17961876765847393,-0.4882152081913418,52,,,0.6565656565656566,7.008071498902213,0.12066155239544209,-0.15685203351329613,0.030534680425323868,-0.03583263732540567,0.8521471681816314,15,5,297
60/40 Reference,0.0640015804979337,0.08913523508313569,0.7180278420563985,0.9825955261818899,0.1930941647420645,-0.3314526908849219,41,,,0.6632996632996633,3.6432413521683165,0.07640685765326168,-0.09850874046453795,0.019633593115588693,-0.022527783062971263,0.8715279732900248,15,5,297
Equity Only,0.09086960922213416,0.14860552650081627,0.6114820314009993,0.835498522807795,0.17893062088038308,-0.5078482865315792,52,,,0.6531986531986532,7.607516416932118,0.126983651644325,-0.16518678966311873,0.03222882401666569,-0.037797708388389493,0.8526660845546281,15,5,297
T-Bills Only,0.017978106948806527,0.0053342240354589,3.370332185018525,3.370332185018525,0.0,0.0,0,,,0.9966329966329966,0.5542695551780092,0.004441666666666677,4.166666666671759e-05,0.001492173423423432,0.0,inf,296,1,297
