label,cagr,volatility,sharpe,sortino,calmar,max_drawdown,max_dd_duration,var_95,cvar_95,hit_rate,total_return,best_month,worst_month,avg_up_month,avg_down_month,up_down_ratio,win_streak,lose_streak,n_months
Model Portfolio,0.10023799816036538,0.11676236893786436,0.8584786269085334,1.266576553830481,0.36442990226895183,-0.27505426293583624,22,,,0.6555183946488294,9.807090169848724,0.09223293855165697,-0.1016260531571946,0.027435970122611855,-0.027912382617699447,0.9829318585370246,15,5,299
95/5,0.08672828472050065,0.14096671302243183,0.615239462288517,0.8398453845510284,0.17764343198722624,-0.48821554363314146,52,,,0.6521739130434783,6.943541856438114,0.12066118531044677,-0.15685184700134663,0.03053470998261049,-0.035560389950431856,0.8586719669039982,15,5,299
60/40 Reference,0.06339029813484842,0.0890051243785272,0.7122095337483911,0.9733867758171827,0.19124976716680292,-0.3314529427874341,41,,,0.6588628762541806,3.624799946880377,0.07640662581010674,-0.09850862266751721,0.019633612497690085,-0.022342258343267026,0.8787657986958508,15,5,299
Equity Only,0.08985545053687427,0.1483931605052889,0.6055228571917352,0.8267718741686971,0.17693352928022762,-0.5078486305134459,52,,,0.6488294314381271,7.533131487634076,0.12698326523906678,-0.16518659333475083,0.03222885528997493,-0.03751192148205073,0.8591630078292917,15,5,299
T-Bills Only,0.017980517690012077,0.0053342088902894515,3.3707936940273058,3.3707936940273058,0.0,0.0,0,,,0.9933110367892977,0.5589841728287162,0.004441666666666677,4.166666666671759e-05,0.0014973625140291896,0.0,inf,297,1,299
