label,cagr,volatility,sharpe,sortino,calmar,max_drawdown,max_dd_duration,var_95,cvar_95,hit_rate,total_return,best_month,worst_month,avg_up_month,avg_down_month,up_down_ratio,win_streak,lose_streak,n_months
Model Portfolio,0.08271902456856406,0.11750585404932003,0.7039566261425997,1.017467284099513,0.24980574419931417,-0.3311333966066228,67,,,0.643312101910828,7.001337561181963,0.09003729695247795,-0.09956175790723405,0.02683729004292656,-0.028417301407367545,0.9443996689977273,15,5,314
95/5,0.07746696103618467,0.1436241243329418,0.5393729040714976,0.7554806547523203,0.15867378637595944,-0.48821524213606105,73,,,0.6369426751592356,6.0453678459962745,0.12066111636067677,-0.15685193314262105,0.031258827221613605,-0.03559933954236485,0.8780732346007196,15,5,314
60/40 Reference,0.058635337907202434,0.09061332740610226,0.6470939715569224,0.9062516095910217,0.17690407834866154,-0.3314527197707541,63,,,0.643312101910828,3.4415080918916265,0.07640658226288358,-0.09850867707253264,0.020123770363435226,-0.022191303023125556,0.9068313988801939,15,5,314
Equity Only,0.07992882365910425,0.15120109988912606,0.5286259406691822,0.740648220111699,0.15738719692345113,-0.5078483207117506,74,,,0.6337579617834395,6.478927238546804,0.1269831926603615,-0.16518668400977654,0.03298605983067648,-0.037571463607705885,0.8779551463603631,15,5,314
T-Bills Only,0.02028783656766131,0.0058806092574840525,3.449954873611381,3.449954873611381,0.0,0.0,0,,,0.9968152866242038,0.6913918140141571,0.005449999999999955,4.166666666671759e-05,0.0016819222577209878,0.0,inf,313,1,314
