label,cagr,volatility,sharpe,sortino,calmar,max_drawdown,max_dd_duration,var_95,cvar_95,hit_rate,total_return,best_month,worst_month,avg_up_month,avg_down_month,up_down_ratio,win_streak,lose_streak,n_months
Model Portfolio,0.11780258413445943,0.10674284813870569,1.1036110258308107,1.757740808738303,0.5502638949436718,-0.21408379727788318,20,-0.046076508529770195,-0.05948308571461102,0.6821428571428572,12.443712508705953,0.0877089355833918,-0.08531825835711598,0.026232995203712896,-0.02547979800658315,1.0295605638998844,15,5,280
90/10,0.10696254137809924,0.13060988660259543,0.8189467440818812,1.109558240622928,0.22858763666158247,-0.4679279375745691,52,-0.062053552624638006,-0.08384536143524736,0.6785714285714286,9.70947668715812,0.114339714430072,-0.14851725040250638,0.029116672945575673,-0.032789828518668074,0.8879788111425718,15,5,280
60/40 Reference,0.07848564925640855,0.08708138466137326,0.9012907817395154,1.2234142985946332,0.23679294304798257,-0.3314526533018537,41,-0.04084412571264506,-0.05557944730603794,0.6857142857142857,4.8300012389989435,0.07640703184227023,-0.0985087224905598,0.01969836027412603,-0.02187461085330085,0.9005124893983462,15,5,280
Equity Only,0.11612750824385243,0.14512690829166294,0.8001790268312604,1.0846374408190502,0.22866576350475729,-0.5078482518063376,52,-0.06912038254589409,-0.09326733281165049,0.675,11.981422319738604,0.12698394195933926,-0.16518675970648855,0.03235810519102123,-0.036591969959013905,0.88429524912884,15,5,280
T-Bills Only,0.017663543957245897,0.00542867214103023,3.2537503644295946,3.2537503644295946,0.0,0.0,0,6.666666666666667e-05,6.185897435897437e-05,1.0,0.5046369705896632,0.004441666666666667,4.1666666666666665e-05,0.0014613988095238096,0.0,inf,280,0,280
