label,cagr,volatility,sharpe,sortino,calmar,max_drawdown,max_dd_duration,var_95,cvar_95,hit_rate,total_return,best_month,worst_month,avg_up_month,avg_down_month,up_down_ratio,win_streak,lose_streak,n_months
Model Portfolio,0.09451082424000057,0.11622603871759504,0.8131639457285652,1.1862278069209682,0.31663039055449044,-0.29848942823994573,40,,,0.6565656565656566,8.347522248862747,0.09460580941768215,-0.1016599067401242,0.02707479216154463,-0.028408932744376038,0.9530379900281357,15,5,297
95/5,0.08769261822992669,0.14116882562720895,0.6211896843393785,0.8485882446548888,0.17961882596189982,-0.4882150730042505,52,,,0.6565656565656566,7.008072261034052,0.12066118531044677,-0.15685186123073167,0.030534689280443644,-0.03583265259823992,0.852147052098049,15,5,297
60/40 Reference,0.06400158398137323,0.08913525052584878,0.7180277567382064,0.9825956819106664,0.19309424249333068,-0.3314525754623875,41,,,0.6632996632996633,3.643241728406169,0.07640662581010674,-0.09850863165449719,0.019633598695181307,-0.022527792990727786,0.8715278368929571,15,5,297
Equity Only,0.09086961341646593,0.1486055522103472,0.6114819538360344,0.8354986745258834,0.17893067711831595,-0.5078481503559024,52,,,0.6531986531986532,7.607517236043648,0.12698326523906678,-0.16518660831305088,0.03222883338589172,-0.037797724465057136,0.8526659697645638,15,5,297
T-Bills Only,0.017978106948806527,0.005334224035458882,3.3703321850185364,3.3703321850185364,0.0,0.0,0,,,0.9966329966329966,0.5542695551780092,0.004441666666666667,4.1666666666666665e-05,0.0014921734234234233,0.0,inf,296,1,297
