label,cagr,volatility,sharpe,max_drawdown,hit_rate,total_return,n_months
Model Portfolio,0.10333398878092193,0.09044794244162875,1.1424692037368267,-0.16257881875534097,0.6892857142857143,8.919655685572113,280
75/25,0.09290235040325023,0.10883999735622525,0.8535681060262039,-0.4029629550365421,0.6821428571428572,6.9475218828495775,280
60/40 Reference,0.07848565337210878,0.0870813866580267,0.9012908083368742,-0.3314527077171887,0.6857142857142857,4.8300017581273655,280
Equity Only,0.1161275151089487,0.14512691158255261,0.8001790559905344,-0.5078483179864034,0.675,11.981424182820346,280
T-Bills Only,0.017663543957245897,0.00542867214103023,3.2537503644295946,0.0,1.0,0.5046369705896632,280
