label,cagr,volatility,sharpe,sortino,calmar,max_drawdown,max_dd_duration,var_95,cvar_95,hit_rate,total_return,best_month,worst_month,avg_up_month,avg_down_month,up_down_ratio,win_streak,lose_streak,n_months
Model Portfolio,0.0967000072717159,0.11658158535081865,0.8294621057067042,1.2077376737684895,0.3559301560495002,-0.27168253554292143,30,,,0.6565656565656566,8.821418047962112,0.08532788313788708,-0.10163280093721501,0.02722580932568673,-0.028197640768559528,0.9655350087317804,15,5,297
95/5,0.08769263027114604,0.1411688373547353,0.621189718030957,0.8485881223814379,0.17961891399662802,-0.48821490075812557,52,,,0.6565656565656566,7.008074455190192,0.12066156793337514,-0.1568521773370307,0.03053469330379223,-0.03583265718311932,0.8521470553452857,15,5,297
60/40 Reference,0.06400159192078236,0.08913525796995836,0.718027785843769,0.9825955844091286,0.1930943496551543,-0.33145243263245305,41,,,0.6632996632996633,3.6432425859225805,0.07640686746669308,-0.09850883130058083,0.01963360184154176,-0.022527797200757194,0.8715278136861887,15,5,297
Equity Only,0.09086962599946458,0.14860556454951293,0.6114819877366592,0.8354985564736269,0.17893076326139748,-0.5078479761845893,52,,,0.6531986531986532,7.607519693379189,0.12698366800004401,-0.16518694105652354,0.032228837642825914,-0.037797729291245974,0.8526659735163026,15,5,297
T-Bills Only,0.017978106948806527,0.0053342240354589,3.370332185018525,3.370332185018525,0.0,0.0,0,,,0.9966329966329966,0.5542695551780092,0.004441666666666677,4.166666666671759e-05,0.001492173423423432,0.0,inf,296,1,297
