label,cagr,volatility,sharpe,sortino,calmar,max_drawdown,max_dd_duration,var_95,cvar_95,hit_rate,total_return,best_month,worst_month,avg_up_month,avg_down_month,up_down_ratio,win_streak,lose_streak,n_months
Model Portfolio,0.09664596046565133,0.11674518308327445,0.8278368144466712,1.207236325519906,0.3537907478457241,-0.2731726622421321,30,,,0.6565656565656566,8.80944575176243,0.08532885847214992,-0.10163288482976035,0.027260064940388053,-0.028271295117660626,0.9642312043695206,15,5,297
95/5,0.08769262997343152,0.14116881000126139,0.6211898362864146,0.8485883211333064,0.17961886216299913,-0.488215039987576,52,,,0.6565656565656566,7.0080744009405205,0.1206614989835718,-0.15685170317753908,0.030534684276787186,-0.03583264091667427,0.8521471902613311,15,5,297
60/40 Reference,0.06400159053115795,0.08913524065388703,0.7180279097430916,0.9825961296252924,0.19309427234030999,-0.33145255814922014,41,,,0.6632996632996633,3.6432424358326,0.07640682391944886,-0.09850853183142823,0.019633598722049932,-0.022527791741959995,0.8715278863964561,15,5,297
Equity Only,0.09086962599946435,0.14860553576277327,0.6114821061883203,0.835498753634836,0.178930714322232,-0.5078481150855936,52,,,0.6531986531986532,7.607519693379173,0.12698359542130366,-0.1651864419412692,0.0322288280917354,-0.03779771216867224,0.8526661070890824,15,5,297
T-Bills Only,0.017978106948806527,0.0053342240354589,3.370332185018525,3.370332185018525,0.0,0.0,0,,,0.9966329966329966,0.5542695551780092,0.004441666666666677,4.166666666671759e-05,0.001492173423423432,0.0,inf,296,1,297
