label,cagr,volatility,sharpe,max_drawdown,hit_rate,total_return,n_months
Model Portfolio,0.0852503287816726,0.08723746589231408,0.9772215172653639,-0.25664927591489506,0.6811594202898551,5.564298171713199,276
60/40,0.0751024241392384,0.08699057763478892,0.8633397568014739,-0.33145257822007124,0.6811594202898551,4.288668496113454,276
Equity Only,0.11042888506628534,0.14497426909026828,0.7617136872580248,-0.5078481492657867,0.6702898550724637,10.1246731041508,276
Safe Rate Only,0.017513055387269327,0.005444551215085103,3.21662056162614,0.0,1.0,0.4908013427209237,276
