asset,probability,weight
equity,0.48777844727102027,0.67372519813826
safe,0.5122215527289797,0.32627480186173996
