asset,probability,weight
equity,0.5008364819987206,0.6020058672292007
safe,0.4991635180012794,0.3979941327707993
