direction_accuracy,weighted_accuracy,allocation_efficiency
0.5606060606060606,0.5898866953656695,0.4736167275162689
